Id,Price
725,490738
15856,48500
5480,54850
15664,860987
14275,234811
7633,441786
13329,901089
5502,281346
4220,661497
11538,855033
15975,561119
3310,813236
9286,106955
11260,732390
5214,610579
11307,872873
13543,484153
615,462977
3495,302525
2321,136200
12046,279544
16688,824383
12694,401582
783,528769
8968,534275
13454,784460
12190,803463
11160,477064
10291,950562
891,515199
2982,812873
3818,667588
2449,76300
8317,914176
4922,491634
1257,144995
9348,699793
4176,53272
10704,592099
6624,428805
5428,482648
12749,572552
8994,843514
11513,777475
3047,146674
9519,68443
12309,704109
14081,403501
8334,138444
6343,59159
14788,202599
15748,129723
153,712717
14149,768973
269,76628
5452,273028
721,829866
5079,946475
2831,573512
10614,207105
10131,171753
9996,555612
3061,836380
11733,939700
3726,701802
10929,921144
9011,606748
16182,722163
4976,387852
9897,369878
1872,690797
9205,24966
5403,940082
14074,876888
6268,854231
14232,423446
8532,440879
7034,81801
6553,14122
3133,403420
8596,682677
12389,664523
14462,381771
8860,861749
8377,771870
6367,794669
6917,81723
4216,500348
5806,32432
5438,931991
6632,932542
2650,176812
5396,940287
4044,280947
1345,340294
856,654787
12791,766820
12499,682130
12249,768581
14641,663554
1919,234071
7848,719299
10749,121468
15554,768281
15834,673892
1355,25828
15451,934231
12401,724484
10290,14439
9462,804467
3103,559409
3420,250810
12262,578983
5032,612191
8949,932758
15567,901119
16389,176843
7809,301502
8990,447786
16089,145518
12743,922009
5132,870005
1619,229921
2428,738833
16741,217159
13193,296901
12588,593951
5067,806609
14685,23354
2292,822680
5746,750397
12578,331775
14834,265708
2147,39598
8222,283277
10419,880479
11492,805158
3006,691671
8761,594866
15371,704918
16367,724206
6317,544035
10878,160317
3895,831599
8041,555970
13428,60892
14669,254712
1006,537636
12271,632165
3764,830633
7675,39373
11709,660275
8629,138570
1105,544131
6096,352773
11727,89485
5157,106236
3679,505741
1755,765864
7391,194802
7425,825161
6882,474448
10752,824703
7472,551532
14320,25822
9596,763071
5317,919042
7378,901428
16154,353443
3464,424251
4197,221571
9477,811922
12705,392921
16426,313421
1481,168218
9946,50959
12025,791164
5341,88147
9923,451166
7953,730381
11066,128740
5037,832213
2509,90342
4937,293145
12089,967529
4964,300370
16500,224623
4625,856906
2363,848453
8148,885932
3804,398374
4584,355901
10694,67214
2691,137371
2983,871033
13563,117773
10747,909280
1721,583244
2789,661795
7214,944581
8659,78085
5107,659682
3843,3221
14610,543267
15505,963164
5060,342002
16055,462404
14963,202450
4118,512904
1672,101937
3209,871482
16515,75353
973,655447
12529,841683
5896,84565
5450,351278
3249,907445
8911,363937
5898,546954
1024,771525
4766,970804
15804,869878
14303,359892
10707,271319
6605,660838
1138,210951
14088,995039
9154,997916
8190,126013
398,411641
13302,441849
9696,464836
16786,729359
16230,491598
6552,209720
923,567656
9602,565671
5857,350553
8120,793582
7134,22717
11726,14649
8069,788089
12420,307082
8604,695468
4854,41481
12212,610394
12099,627728
3882,210614
6995,191989
10172,848348
11672,471992
12897,848747
16097,393509
6779,136755
11199,749458
10816,282011
143,224585
5399,984520
3286,472152
13706,302850
1935,200640
16000,994400
2860,905192
11407,109185
16378,244808
12278,858932
3842,397236
2692,264527
7699,839128
6825,106639
7268,663741
1477,494156
9887,219749
9436,479949
3179,767915
1350,620553
10643,56795
5793,866527
11494,437383
4206,856191
12419,368115
8530,94604
5985,756816
8908,91708
256,932660
7234,837037
5648,267254
3014,140438
2184,917614
9189,299259
14884,634894
10333,922482
15896,242845
13269,207761
8603,24992
15087,430421
4344,492627
7981,521904
10908,684786
6190,928600
11742,46618
9224,639190
14667,242576
458,838856
2464,717629
12320,292411
278,140798
2912,941747
6698,28918
4510,754087
4183,72213
5551,955468
12187,948922
7948,844855
10808,172452
12432,326456
5356,541553
8984,417410
9203,315780
15412,689264
12041,825081
7644,489588
7071,133043
10685,214379
6763,964866
940,490492
14959,771734
1338,336331
5351,906515
6524,290180
12516,343851
3288,360497
3146,253835
3954,778292
11955,308167
1211,134386
15668,730029
1320,108124
9108,116364
16482,104251
5017,819163
8290,204676
4304,828597
1930,701773
12530,285514
11295,932144
3002,683645
15483,881121
11525,248609
13978,890376
4885,503571
8325,517709
3630,462961
9165,800645
13945,349413
10663,537300
14803,18554
7621,330287
8205,120102
10387,207721
5457,41929
10234,306955
6251,597324
701,572289
7930,11091
15028,512401
12172,488002
5805,996305
7411,961275
14806,142047
7890,139511
10440,781256
14926,443759
5381,112899
3800,222841
10511,273446
9324,797434
3313,115731
7351,897334
8459,184007
9957,181242
12024,268242
4380,394583
5042,88306
13289,793109
13407,789864
13258,124336
15993,960417
12525,883871
4062,617275
12065,631497
8227,26501
11333,584893
2867,757061
3319,176530
3523,280437
7055,633975
14930,260321
3444,74963
2940,704778
6935,635584
16116,82083
13370,653440
6103,860860
7446,761257
1859,170464
4079,468974
3228,719213
9665,445735
15957,187617
11533,418035
2314,262699
4096,807717
13437,706081
5980,238803
2008,476538
6754,717691
4129,468430
14557,654992
7096,711652
14297,275083
3967,141732
16485,689394
13075,249898
14289,615254
10988,324397
3230,881983
13250,964108
2559,934352
7739,720109
7213,427547
6639,213836
3164,730854
15207,835706
5113,959015
3929,571765
14493,332887
11110,627140
2033,510998
16057,157473
16709,308996
14313,93320
1028,254760
7187,455820
3738,406396
9869,292435
12644,676942
3686,545896
9196,310683
12326,824735
4936,927716
13314,326338
9857,707686
519,947073
8410,456364
1720,77168
10341,354852
14415,73442
10613,427720
8027,876046
15539,502734
7431,416188
1370,429724
12708,305324
2250,423897
14758,60119
8525,502558
1538,167408
1142,623727
1152,497463
9802,585881
3331,9646
15203,641711
4247,760792
1976,719380
2346,451855
10078,652137
1938,550843
7819,758095
2168,186992
15634,786820
8465,543313
9313,692743
6539,870041
6325,215365
13442,663687
9967,302712
7893,190363
2861,928412
11031,633096
15073,875561
13837,281699
2524,368335
8617,927893
13513,111051
3081,384947
10675,58376
1907,522139
4872,973000
16274,507147
11837,351289
16577,655399
5231,517077
11315,52709
273,309570
8363,789009
4255,476529
16330,825683
11528,562258
14799,236297
1611,973181
9234,328860
1633,947635
6791,998037
11567,50634
3070,124825
12094,504360
14335,391139
137,33352
7182,477209
11718,748100
5194,138980
97,640464
5118,113155
13920,113927
9952,791152
15337,45397
10243,965335
4048,60799
171,434605
11378,601271
14190,491200
15265,8537
2740,651076
5573,686647
4481,889072
2631,681187
4984,704399
16466,425707
16716,23458
15325,106564
10115,67517
117,47495
5476,66142
11757,327898
12359,425872
15546,890346
8133,563942
9018,840414
2075,622286
11170,48727
15733,424555
9280,790087
10734,500906
14071,620307
7373,561050
14736,386063
3458,546038
6183,159271
7825,239071
16775,665092
5717,742705
12397,558618
8189,772253
4423,370028
3994,940102
10342,257020
10051,881945
9453,512066
12593,193249
1274,804513
6933,79452
1761,525119
7157,394764
15169,692644
6792,384541
13830,297130
7240,511167
3051,842849
6550,168881
4603,671051
5729,296293
13473,271079
15104,372577
6599,536593
2216,455450
8721,818274
3645,900537
8664,869359
11001,666236
753,647690
8129,229072
15235,532360
3359,608216
10424,191299
10226,675644
9252,593271
3008,611746
5849,454310
8494,532890
6764,193787
12445,735568
11716,989394
4508,358398
5669,836928
11427,457732
11065,776223
8910,735470
16401,71571
11913,62937
6221,752982
10839,120068
2809,842167
13311,648747
6866,317003
6019,595043
3024,403047
1391,557874
15904,769772
15858,688557
9911,326216
16579,218846
4394,502186
1468,906328
12965,330146
2249,513061
14384,103144
13040,164549
8872,204915
12864,615850
15712,797904
14049,79146
1840,539872
12019,670794
8948,131960
15154,885821
6943,301859
12564,669788
12766,901495
7255,827642
7962,164497
709,20965
4634,791170
889,538966
4774,361272
13890,163080
15431,993708
8726,768351
10373,553437
6413,148307
9761,828861
15864,135073
6147,291968
3384,645743
320,611940
8006,410439
14395,887614
14976,688918
12185,121291
4779,874937
8551,495958
9025,143431
10616,338869
7475,706777
6341,783901
14163,424133
2211,474631
10532,103732
14338,330551
831,564235
3382,296642
9209,779511
7188,94742
7197,876135
11270,176074
15918,494496
6937,635485
6178,872755
10668,142856
1413,190993
6884,775369
8266,674412
14019,428017
16764,44138
15306,93765
3740,722175
5298,295864
8319,366142
4229,776781
13429,715246
1753,427921
860,651601
14219,887864
12113,256799
11309,478231
9930,27933
10570,72168
2839,417486
6699,552401
16647,417563
5325,201235
13733,559334
7818,104112
12505,211483
9489,805589
10106,174123
7864,983805
5134,93355
11859,93187
7440,192651
1525,651206
7339,398825
8,659456
3248,63816
8995,163363
15178,63159
8594,962671
15770,536147
15859,803351
1735,896686
11410,901165
16397,954013
3572,76828
5501,772371
969,883074
6977,994879
1233,16872
4258,980154
90,619727
16650,756565
197,534701
12514,536589
4367,304943
3199,597208
5600,468402
11641,133531
14609,291199
12775,636854
14240,164881
7933,121538
6945,789415
14006,516050
6320,192061
12061,370403
16369,148496
16354,943595
3970,519305
1048,159188
3639,397286
14448,807165
2812,736113
3932,90173
14875,951413
8883,827619
7622,464764
7252,576622
9751,391819
2378,901819
6816,8527
15358,731724
7843,518962
10448,200302
7840,599228
8880,360655
12551,942756
15470,545516
16207,965043
12123,609434
15247,47535
7481,518043
16171,717200
7461,107
902,577246
13094,168317
11584,470489
4462,889835
15576,656915
16606,581300
5427,437145
7725,660029
5409,833606
12579,53745
12013,597569
11321,734663
9932,193044
591,527578
10357,580200
3336,913976
13,343516
4809,917894
7555,746221
15172,755448
6989,171954
4707,321350
2046,220068
6495,966632
3873,794163
7061,921563
12112,838861
8917,569582
7735,96185
16442,83569
4244,584106
3747,370873
11086,446044
10080,298239
15057,406396
1331,914256
8891,966307
13411,678437
16730,934920
2267,57034
3022,719831
11190,964101
11857,556482
9318,374031
16512,42790
2053,350790
13707,235940
12143,973639
14080,943371
6130,793485
7936,784921
10101,781983
5663,980678
14811,938642
1366,180790
908,811272
2953,988056
14629,839941
15096,67838
2115,277842
11770,953061
12701,318201
14584,252645
1893,55121
9501,658284
2138,786349
9346,410814
15960,458113
8230,280088
13843,607483
13810,627259
15650,105316
9974,493776
12200,166233
538,781947
5334,570726
14823,873428
4817,935115
9041,775773
4359,970937
4852,899604
10141,128570
1503,617589
16256,469968
683,300581
14382,226801
7248,380993
1200,254988
3563,156734
3681,675396
3053,285908
4099,176397
807,458801
4658,403849
3535,842807
12548,682294
10488,62060
5851,670109
13736,633014
875,267231
14449,486107
3958,31066
10727,879438
11296,607961
13646,880527
9599,915061
7135,466226
5943,207307
2695,906740
6766,228166
5630,140220
13586,115221
3507,405356
10014,979245
459,395917
3582,117303
8560,586875
3372,442906
13109,213520
8160,853543
10706,975493
9104,55841
2870,579682
13712,205757
13924,122230
798,517545
9750,383734
16248,726726
3170,11445
12700,425299
10601,281030
514,867568
4010,380625
8124,491787
10800,712291
13628,169720
11637,254986
781,884923
16156,252996
12618,634757
9766,859448
15987,909403
11051,846985
7673,154028
1245,664734
2443,939843
7413,254594
310,877136
10921,171718
8709,241798
12404,360955
14986,589460
10714,331107
14286,714430
13828,715635
8926,923179
12233,588789
3913,866057
5221,586587
14965,731318
862,565893
13907,473473
5418,309534
2045,829097
13321,635946
2762,784079
13888,393169
14962,760001
13305,503087
8487,664183
7146,306948
1134,835494
15092,144442
13760,541906
11958,746575
3177,690917
11350,301453
1524,230458
5527,301979
2872,863090
8602,358943
3067,163346
10435,843808
11222,26659
8700,206086
10961,621528
14305,762905
8362,202372
4979,450382
7180,6640
5763,756259
2192,906434
13581,86527
10720,965129
1358,332989
13366,130538
13539,467473
12849,426719
6794,325516
525,579291
12223,687289
16271,219803
5818,631937
16588,821044
8981,100014
16476,79406
14663,29449
3,96032
6615,108360
12215,925901
304,907762
13634,357858
9208,633923
2175,463043
250,977056
6045,170205
10516,394048
1852,592404
1573,206605
15079,507753
5500,508495
15775,895925
3198,106951
6718,848231
4149,406906
9627,428139
7595,51642
4538,707471
3555,741252
10483,303951
8834,547206
16412,494392
6449,454124
2767,607750
11498,447357
16472,451188
178,98639
10948,205531
13313,448981
8065,475588
102,88666
14428,316914
11973,556361
6663,735977
15989,742911
10955,910697
11772,838424
11364,152363
7082,755301
7749,713507
6428,549555
6869,193417
295,471519
12266,160783
11129,857850
826,197407
3262,772749
15641,120722
1662,149152
10926,392213
10232,376146
6376,154595
7817,399716
354,993373
10076,953351
11379,230258
10184,494138
4696,641829
13562,805472
5436,976003
13196,378772
14939,487086
14004,926247
5916,468726
7229,208944
9143,609611
3440,871251
319,445408
11683,975976
12647,282043
12788,63414
13662,210508
423,439419
5222,546392
9242,449362
2641,25041
4855,445821
5360,778597
9799,117669
5526,75929
10309,765956
2144,452177
7191,645900
6732,601681
14789,262261
13525,467502
4066,303633
16422,831081
14890,672345
2922,262375
3601,20274
13416,343008
14363,363814
9496,793585
7115,617835
8615,612675
5218,481044
9493,794256
10623,158185
2272,640054
3352,424520
84,544760
8086,662583
2595,36146
3531,360274
7460,185227
9214,927232
2790,450902
10548,449010
9218,674244
7435,533051
15780,552111
7640,186427
6223,189128
3425,868176
10582,503533
702,531253
2111,397909
11730,907974
9865,586723
16478,221221
1885,234057
3956,904032
16735,911919
15264,537467
15971,856126
5584,209696
15242,118891
14358,137223
11300,871112
5446,565566
3934,260053
6610,10712
10164,273531
4646,357514
13304,471236
1985,727234
4746,341445
7963,638298
14083,909512
13140,259112
15023,703996
13093,615553
7160,911233
7407,377624
16056,556430
751,981530
6179,509392
9137,829954
10992,605116
5744,627912
10884,342366
12858,453343
13005,992138
16714,327649
1419,701137
6064,396002
3771,561136
5945,225512
8453,987088
3806,999433
16748,174899
11380,936864
3107,506010
12003,117471
14567,10622
1079,581694
11705,867192
7814,886104
10174,708041
5514,431771
5265,179993
10520,595732
13195,842267
14601,36340
6012,347713
13079,923926
9009,852352
3122,600003
5470,267610
4840,592344
6270,366495
9158,680345
10120,20940
10672,780769
4573,245331
12118,808981
7447,95168
2171,107766
6126,387053
2836,179208
1457,166322
11165,889337
5923,14081
1813,536321
3492,337838
1917,513572
965,693400
15795,124285
821,363863
4568,357295
9078,123649
11371,806641
5149,995760
281,42048
1918,570629
776,955776
210,51181
10782,477785
9653,566245
9372,560301
5868,488106
6176,592815
3969,277076
7427,396861
8544,571935
5219,181049
16488,307458
5855,606715
15920,931928
4393,34839
5770,581809
2900,448396
8622,197887
11610,95558
10969,185092
11029,103880
6193,177949
14087,621198
13623,84414
16689,248708
1027,977650
949,733490
672,28761
13832,606685
2471,837398
8728,717756
7742,832964
2698,910335
9084,48393
6075,166333
2874,233443
13119,282540
5010,71074
1284,94967
1151,54731
5110,128406
11386,5275
8019,976532
2859,187853
16110,276604
16027,922576
14902,13610
14301,263868
2451,487089
13596,644623
1464,483867
7927,158079
9638,950291
8009,135039
11903,664299
9243,576893
547,933700
5511,469197
11247,283276
15928,236874
3434,258796
7614,198643
1380,304218
2770,783252
111,635985
5994,488434
12341,209429
2787,918044
14410,698715
15983,196920
14876,841219
653,748147
2174,463225
2575,144365
7976,647721
5812,224977
13589,213833
9122,26281
8159,915347
8754,548725
9321,892983
13535,948960
2083,908843
2689,934869
2248,83508
11649,928039
11045,478213
1276,817468
5962,391315
13012,808779
4642,349044
179,370673
15347,99130
3339,957461
8166,712531
11617,674656
52,365007
4395,45770
2183,100863
16045,929147
15719,826983
9864,624328
1903,226013
13451,870128
3640,360840
16551,907904
2343,728726
10528,878430
134,166400
13966,860010
2366,728341
1198,519467
12627,332535
11623,156969
8267,322239
56,519223
2988,115192
8843,357922
3043,459808
16486,850167
1241,433150
11180,190545
1984,135564
7364,853397
10769,995716
16617,984153
9007,278713
12953,779907
11366,798355
16483,487244
2326,702589
14195,742196
3484,719808
15257,455237
11920,503989
1359,896141
10353,730946
15614,879355
15101,381717
12755,572553
6252,929511
7485,191599
12603,766295
5281,335903
10708,724173
12563,726560
4592,436986
3390,934399
1986,256969
5745,341517
14108,544822
9693,714316
669,515312
7320,276086
10258,615540
507,288447
10365,669835
9363,952762
8736,347397
15100,72150
13420,718849
13248,260648
1972,834654
9258,600771
16455,153300
6150,191148
6283,505580
14979,284998
13935,438263
4985,898840
5393,656761
1730,187017
14129,114443
6254,550731
4173,296593
4910,60221
1297,751297
3366,99769
6044,869988
6259,463702
3852,787668
8723,806780
16109,540754
3721,972908
13453,730324
11962,818691
12998,629212
6886,723437
8200,600645
51,493253
3930,926675
6310,720671
6112,486868
5135,811884
7522,442389
9825,313477
2411,83167
14940,904763
15970,797239
9894,797848
2564,363726
7095,177891
16754,869656
16195,801857
1770,566071
5363,310176
11360,322750
13034,56489
6542,760006
15870,726422
217,91713
6490,652646
6692,872005
2235,934062
16732,439613
11499,474763
12617,873713
9060,809776
12017,93711
16750,177521
12230,254813
2158,956097
15184,966438
2981,800195
10281,531110
16596,65845
6976,459475
14680,15174
10618,18000
271,590530
10817,121677
1823,328770
9549,198370
1201,394241
2112,389475
2951,241270
7183,863633
11404,641457
5473,152969
9232,230493
3033,231143
11002,665086
8299,46301
15417,251809
15612,735786
6168,783420
13751,714784
764,116875
12833,777287
2009,231091
1005,347015
10740,940570
15323,750787
9884,872462
6185,905640
2311,322783
7538,962963
6256,523951
619,754978
1968,59330
10168,192343
10762,390808
12392,564944
8877,583604
2441,778363
4974,371673
12450,597298
15837,72258
5260,271424
6591,501163
11688,87686
9940,634805
12070,476386
12876,595391
6858,818932
2385,902244
3596,729145
13540,712079
2077,333304
5654,327578
14029,709866
16140,268861
13303,382697
7289,556331
15226,158590
3330,62390
15642,568965
16217,42727
7330,525591
3894,467355
6719,962041
13013,817022
15835,254451
10873,406197
16379,235707
10771,909447
13943,263434
5139,416129
5309,194310
14227,94802
16292,571769
14968,699958
13277,443674
1731,567288
7286,70848
7455,584080
3250,760547
1659,531582
15806,150337
7491,91532
1990,821571
7769,442566
9694,361946
11961,923483
4669,385436
13826,724277
1691,127937
3986,109747
1407,43879
5517,916380
8432,635202
2214,892669
10449,608226
2941,966290
5944,670542
1555,144068
6105,594999
4453,301254
5892,743998
5000,593239
12995,172246
8905,251019
11440,191228
419,618876
4712,682031
2094,694492
4567,257753
10717,609406
1248,925653
12405,256300
8331,602675
3113,338172
6926,494933
6777,942785
4060,264297
11547,68214
15199,446492
9282,666526
16123,945500
14094,390111
8770,406869
1054,156868
11363,435914
8756,851769
4800,944872
7620,23259
9101,29097
13954,495331
13600,579236
2893,527023
763,6761
5347,469907
12096,598818
16333,993549
16432,716205
3513,969811
13494,469295
8690,276332
7266,9251
3472,624751
7021,231206
12952,24542
2774,15706
607,294079
6897,335788
8220,571423
8071,646414
7091,122423
1805,434504
3594,122888
13103,561354
2203,271961
12622,511723
13270,748643
9461,470465
7759,881689
4256,687697
9093,311577
6033,710906
7734,126954
12368,797070
11740,507720
9907,19791
12398,567140
6290,384255
2882,979612
5091,473071
7228,359624
5953,429605
5707,587782
10159,503124
7813,605745
6463,483486
7264,530587
5405,886138
7543,388421
13702,694159
5538,184016
6762,121743
9416,592183
10415,878659
2139,935911
13151,760896
10301,509653
13273,332173
7609,584832
4884,693419
3438,825156
2215,670584
1723,165034
2340,777830
3950,408348
7312,685177
3602,103110
12053,795135
16240,916556
8301,770243
14068,605850
6216,886748
12910,596342
7656,74320
7854,363053
14636,608091
12267,241652
11334,838366
9326,988442
5935,846612
16132,497875
8318,722533
5009,441494
3883,35263
7565,92783
7960,548014
16736,702156
15284,415563
4301,234485
4273,845752
8436,770075
2113,335487
8469,319289
648,515339
7526,899160
9656,180076
516,977830
6849,36529
7013,506265
13741,238200
13281,359987
12374,999150
11855,616098
2759,620744
6759,955340
1667,822856
5138,851261
2452,183682
13027,716266
2493,993418
9899,583933
8151,45145
5349,64773
3926,464907
6394,693345
11720,988917
578,828592
4001,51085
13504,571046
14836,232907
1741,849457
1278,552744
11890,168757
1803,268527
11418,586012
13693,736165
7321,408688
12575,716706
6966,287150
16613,887197
3148,175092
8920,706527
13984,452927
802,712346
13893,199587
2495,173727
1695,504320
14995,904145
10890,167367
5282,706459
13487,897037
16615,471376
4545,345792
14032,761877
15707,693174
13931,842292
946,907485
11500,355372
10220,18364
2604,412297
10761,87039
10982,930140
11729,807365
8152,752678
5323,658945
9448,985707
14935,426522
385,990404
7039,82233
9366,875134
15823,368488
8993,805910
1282,29690
437,526042
11011,8692
10104,568149
16321,709417
11188,650186
14291,875740
7781,179949
1203,44394
3731,744113
9037,92095
12937,63762
5196,746086
1746,596878
6345,299068
7950,986029
11552,888730
11950,512905
4805,816637
9152,571118
555,969249
6765,970772
8515,686127
13915,635694
16036,577177
16625,182019
11870,334304
3304,504819
9636,153382
5232,964136
8878,389238
2756,954083
5140,654456
375,659008
7149,78383
16353,835342
15742,303668
5957,684025
12580,943058
10409,440411
13766,979649
7778,323780
9028,875064
14213,603398
12691,218112
1658,9522
15352,537198
10670,227125
14260,501656
8870,578397
12054,739114
9386,375261
14378,931119
2080,878243
12729,635220
932,543223
3149,300184
245,478478
6334,809358
11684,364360
5099,523883
1828,688291
13464,609636
4023,281295
6563,512302
13207,456587
14075,4356
5722,86620
2308,640543
8169,167276
3341,955237
7693,883001
2549,191107
11576,448737
8010,963838
605,479924
1580,392394
1588,587808
15197,739642
190,456709
12488,522203
12254,753226
3991,328480
5076,270416
3214,785076
2348,408069
13573,330780
14296,260724
4207,242648
6529,62574
16043,564607
2508,990291
12297,909880
10012,898214
1874,108616
8451,846605
16108,251716
7200,144419
859,715996
8415,565307
1649,912272
6269,423550
8350,112407
10978,672892
16751,734312
10133,413719
11908,653784
15627,789661
14923,370222
3669,341226
8316,365611
5702,408287
3480,237639
11965,988487
5869,358172
11147,942373
6505,504284
13797,458614
14915,57196
8221,956696
5873,585542
13900,129970
13804,690963
994,482688
2118,821324
15158,714421
9898,525255
3509,346488
10228,138606
12409,978031
9260,719619
11462,312832
3265,413888
54,77439
9316,352442
16208,184668
16582,904430
6338,754997
699,630609
3396,577013
13995,409265
8971,621728
6068,166843
7020,193903
14015,113085
4172,252147
12959,582051
5659,799551
14766,951577
14402,15627
6611,652666
3213,870967
13306,612738
5966,413570
3685,487037
10994,65339
13564,541118
6507,612240
3196,419645
1771,742632
13367,28228
1529,111078
11128,390427
11948,819471
3798,738771
11443,364782
15581,839218
15056,424692
5114,568368
12195,781859
2044,468677
13169,747923
15180,959934
15543,715022
3770,410017
772,710369
990,759131
5567,906670
10805,404694
3951,105337
9484,531143
3867,171796
15605,358291
3805,562660
7254,706917
2179,330890
12745,17874
16545,351538
7310,987947
8539,190499
222,652875
14084,914515
15453,834454
12318,795637
7368,30426
4027,771601
4106,426894
506,551043
1995,323673
7165,203451
12615,167542
16792,857779
221,348938
9710,651696
4364,676330
3379,656591
8954,644058
16630,431719
9624,659496
6967,190003
8070,168775
933,535723
8155,984250
6771,400037
16477,212205
675,721188
7201,234830
8254,877703
11325,652116
14018,349202
5190,995579
5505,223383
2886,685763
6941,87581
2668,545950
13831,856539
11036,629326
13691,562140
2007,379999
6442,989810
10010,849358
3259,582364
14013,900005
2261,755823
4110,62260
13293,639148
14931,475387
12293,326915
16398,553149
7132,325952
2780,871140
5700,98001
8186,315543
7031,148501
11269,163069
632,964604
6330,425965
10905,680277
6313,10630
13396,232951
13414,415458
4270,750765
926,609418
11452,361091
16228,678548
1781,144580
16492,120778
14594,156178
4485,311280
8306,976784
2071,727092
9895,825388
10544,641947
11253,921395
15213,692959
2990,569222
4518,431019
2766,494984
3275,910451
14971,322878
14863,424526
1352,588101
3423,448965
13021,528934
10489,175554
12055,949964
13089,973265
16275,408433
4272,1755
3204,250937
863,886532
3289,110939
9557,484460
14381,802795
15208,578221
8030,681002
8080,484553
9876,639538
5571,783755
5439,606768
10689,43672
9919,959584
7348,791664
11686,311575
16643,275330
164,310651
15912,954027
14237,380306
7965,210705
9778,899663
14321,42266
10617,741221
12007,440001
1415,14198
12912,684809
12062,316633
7762,250020
4381,7809
7986,509139
10647,37525
13452,25032
230,190974
9285,985181
4221,94993
16384,441702
14645,315174
778,252726
6633,168564
15137,741196
62,946317
10606,254793
7791,965772
4161,830895
5553,417603
9433,492937
7363,642612
10162,113907
9568,4277
9901,87334
8047,252855
12954,913107
12479,84344
3357,223832
15088,631102
163,266054
988,329633
5877,841578
1683,353512
5206,427220
11155,175750
15339,164218
1590,714878
11100,449467
11216,399220
1624,210571
6113,508426
2181,1029
1023,257680
8673,662840
1646,286633
11608,766101
5988,885561
14354,201355
6369,532618
15936,380274
13240,65092
3481,233600
3479,834848
1698,437106
13154,395302
7802,227885
9702,699566
12895,457216
5728,497907
10793,116449
13529,810879
746,756329
2610,858857
10932,939624
15350,293019
15692,903603
5484,362352
15608,168674
5253,198817
1686,200930
10624,970798
267,224041
3295,998867
9481,383093
732,17723
10022,970243
6135,286556
7224,308453
14887,281398
7382,554804
3242,194372
3106,602071
14678,437629
6626,622294
6576,489639
9008,859008
2931,736599
10023,288578
14964,324733
796,410466
5169,886326
1814,303697
7372,801366
13672,160253
4124,320159
1095,135346
15950,592549
817,851752
15779,942711
11506,369782
8689,175697
10077,241929
10514,293200
2198,394529
8005,332835
625,536744
9420,592105
10350,620772
14494,629683
11615,497675
93,556704
950,419690
3325,416982
14459,985892
16531,721499
11228,819043
11761,848054
12629,733544
10339,224574
12203,971339
16744,470724
2786,386949
316,34320
11424,182361
8021,536749
12679,823502
1871,142946
5767,436244
4047,362939
16235,937286
10604,467350
1510,261344
854,391753
1860,801735
1593,94912
381,561584
10375,418608
15149,610732
11375,861504
3912,454052
12097,104572
16743,839240
146,872469
5308,549059
4125,27291
7671,625148
12609,756468
4353,651516
6287,960996
2264,835925
3457,127786
12935,16440
8958,496566
4532,265133
14857,18034
11376,521055
13713,630108
181,872556
10858,360826
5160,929121
6642,100489
9312,357027
7736,284805
4326,746702
1802,693841
16115,702371
16787,952660
7107,709702
6902,895213
8950,406619
9922,600696
11453,72023
10033,483065
12131,340832
11879,250086
8986,420
82,775557
7664,444589
11116,17206
14096,412063
11577,574909
1908,678862
3658,196209
6148,719020
1324,116572
8792,269594
5883,319646
15245,133126
16382,342514
2131,436079
7581,417329
11488,453244
6091,280626
7295,540940
6427,999608
4558,803229
14436,992792
8373,123509
917,466353
9837,487378
5619,725458
4530,510185
11486,679717
8575,940410
3540,48019
4509,809008
4709,515317
10148,425852
11077,62089
609,397751
14733,387627
10609,318349
3616,703047
8805,57051
13799,644404
5886,249427
15836,413046
11792,540377
9404,493375
6456,16133
2569,148206
16727,666563
12353,736228
9841,69936
2725,445132
3388,519071
9476,986839
13550,293377
11934,96240
3375,62837
2932,320273
9972,370100
876,760618
13649,785036
13444,688008
12748,534003
2003,166263
2376,363866
15961,501840
1221,181387
7064,380642
7799,142382
4549,873977
11061,430805
2132,579393
10692,773147
14546,198612
11088,909508
4819,869977
13682,230776
7127,697758
6245,336604
10845,392871
3285,896119
11384,4396
10897,166841
8533,898569
15341,174285
3821,495630
14130,694683
4306,642515
113,473071
14997,553397
1482,494192
14780,368325
997,603108
7991,656901
15592,349449
11143,986580
12472,245441
13991,285791
13399,713904
2588,24400
14274,106390
11491,618925
4755,738400
7939,250533
1779,403124
11924,702852
12713,975121
12486,357022
13149,820728
4847,610350
7638,807405
15228,462080
10069,359513
2219,726571
956,645098
13680,118339
106,973683
13101,768580
7540,315288
16138,59999
4890,734513
13752,905385
14622,996625
7871,224897
3957,527127
9987,26635
8884,698466
11715,753036
10612,919304
12945,234230
5034,176794
4463,888463
3476,909766
4846,700230
2372,271725
2873,270957
512,263960
16198,491595
9155,735146
16464,682848
6904,294428
3151,602329
1816,958498
16214,58375
6264,388082
254,863483
5848,241576
4357,98993
14265,372748
12235,913259
11342,996898
6679,314312
5377,625886
7636,315160
12798,283073
16349,791281
3028,213514
12810,576326
15064,425775
13801,626188
13387,862449
371,755893
1161,619669
14593,392299
12144,397714
5555,430017
13493,632741
11130,721296
8658,819714
6491,854206
303,203755
1897,949348
9583,141618
4515,642375
1411,829783
8534,590090
7227,807239
13478,386004
7546,654080
2798,585475
10267,815362
4519,687212
12184,219949
1895,311282
13019,836637
8845,401590
1929,967014
1966,47773
5268,444605
11402,157663
13503,116130
14413,173002
15419,896687
11573,662317
270,890117
9733,824350
2729,302658
10123,864882
9331,217486
4342,72277
4248,582093
446,416896
6677,955743
8324,535435
9666,946445
7303,401115
2710,261300
3334,264991
11464,290324
12220,949638
14064,761896
14350,184756
2858,683984
13014,467981
13732,780898
3371,975010
5912,87522
5881,532841
6199,383450
7344,121705
6180,372756
3343,972011
12103,459050
5177,679221
7000,992347
3990,216544
11689,899323
5624,147509
7497,125648
618,211393
6909,783753
3346,803901
12521,281520
11871,503930
10610,365287
14869,639403
2268,33217
12058,123189
12426,345410
10662,67706
12512,891066
14852,957491
10876,244599
7720,96601
4334,700659
12275,97938
12228,953599
3715,929614
9534,355854
2333,189342
15628,326266
5043,329989
16704,346842
2891,147194
14478,979742
4429,130424
5929,197848
1845,151891
3001,377247
6741,987856
2202,333226
15490,213130
3752,604813
4620,843056
12795,85098
2662,715659
12845,18816
5604,249687
4861,810428
8100,813149
15990,285331
6561,35625
14107,861688
6274,241801
4428,94082
3184,705850
9247,253105
15016,167296
6009,504430
3190,356803
3386,841768
11984,160630
16215,285862
5506,80510
10016,354642
15394,273545
15724,553620
9409,392690
12634,963749
14316,795136
8675,740299
15231,972612
3236,861118
10087,659579
5018,468349
2728,731912
8092,306628
10698,930163
5859,261333
4198,211375
861,511898
7990,657073
4009,672567
10964,789031
2114,147365
1139,373183
13921,490950
15030,161916
2122,589421
1602,841877
15032,802571
5694,269414
14026,19470
1132,972794
15469,424218
10223,66406
3303,187455
12655,105815
16151,50378
14649,254914
9533,236930
2229,210643
7652,485681
14523,45345
12991,619730
4539,160782
395,183019
4853,632020
12082,766925
1406,491390
7788,185796
2143,136457
11089,442343
16693,106300
14701,2055
13689,986469
4262,65058
1046,408836
12001,709074
10729,924484
11822,593686
9132,672582
14150,104371
15217,8950
4752,875574
5875,267465
7873,482632
16046,929874
321,190784
15077,79034
9148,706987
10272,153905
9490,493530
5856,484964
2436,230507
526,518646
9067,902001
1166,361214
13029,106934
8264,288195
13499,147724
14681,162041
10625,553177
13668,134219
4126,593009
1527,88291
12829,72226
6074,705487
16629,908092
3231,266893
6218,863614
15050,779859
16053,676752
16745,652535
11336,431348
1318,231793
7424,697330
8102,527356
5468,874172
9942,141163
1001,505925
6010,633142
7766,465782
10266,891924
3139,177885
4759,253555
6760,782355
5682,308886
1648,354479
10363,180158
7551,287518
12901,354056
7938,272972
15709,399927
9663,17360
14868,832947
7617,776568
5755,988054
11519,777183
6954,88958
7463,791878
138,772592
1499,882142
14579,242501
30,584831
6991,994988
16283,446735
15305,602626
12736,163522
1506,736242
4302,735659
8170,183462
14230,395904
14438,891664
15974,835894
3263,3363
11227,75098
9355,822963
326,339543
13155,157234
13238,600540
2785,186954
7047,620200
4222,922904
14734,641275
4224,198145
11259,199329
6174,207380
14057,389186
5181,983043
5926,125587
193,142727
12528,298570
5128,467068
13462,65730
5845,978593
6872,736109
8821,642215
5106,593528
8164,33131
5679,201858
2985,82756
2106,791418
12494,999765
15150,935452
187,400246
15095,855646
15289,684302
497,493266
10048,950460
15012,884760
11229,402060
15927,655665
12092,819899
11174,767236
13967,351858
6693,791584
92,846450
13961,131364
16220,469138
13333,201671
7730,986876
15250,674636
16392,795038
14544,194398
7261,382741
16105,915379
2984,923046
3162,229988
2260,167041
7004,630711
452,748745
7828,873299
626,887615
4583,583550
3725,824692
5894,736744
3316,230242
6887,859047
2492,928838
9133,221268
15655,61103
12639,164943
3848,917828
11820,231383
15254,725396
10750,786222
1156,55951
2910,680721
8591,638840
14247,21532
1425,214411
16660,277233
1837,977589
6461,182542
2580,239552
1052,899144
577,700927
2825,119580
2746,824197
2291,956930
10962,695990
8547,380905
10019,103395
756,745285
1709,838539
9076,915147
3211,316500
2535,556468
10943,746546
4830,719980
9928,647723
16143,608994
16784,20877
16434,72989
436,486614
1226,11951
1259,406648
15299,387170
4343,392974
14661,713615
1988,693355
10173,275698
11746,472175
8412,547682
9281,160729
6246,707725
5440,603923
15301,92571
1223,88620
2714,162343
3077,945957
5549,437186
16626,374020
382,470971
5635,998740
186,278746
4839,890776
433,634977
7210,202453
15243,848384
9993,346940
7529,817703
14506,431806
5807,162626
2373,157764
13618,33184
9908,21380
5404,364181
11023,945671
9678,133058
6160,394662
4181,801796
4230,97601
13858,559478
15871,446281
7564,259106
14463,252215
15115,966453
7533,79556
9862,580507
5708,727998
272,315493
4612,58422
13336,718094
13944,32567
3517,668225
422,209428
12769,282359
16079,942275
4398,859195
8250,121596
8900,978481
10819,511822
10551,594724
3418,34487
3889,904147
1186,210637
15227,963206
13432,987200
10654,548021
7306,353189
16325,144352
7510,308351
7237,212457
11812,466778
7823,690585
10691,494995
12699,976047
914,876069
12160,80777
4600,294075
5649,424080
4896,284874
800,591406
10111,386431
3690,970969
10150,827248
8099,818381
9526,644858
7301,863015
655,135270
6187,926635
839,374417
10505,6659
3830,484010
11301,353872
11895,700524
3102,267053
12351,249635
15378,948064
9593,605897
5302,353443
7585,829497
6785,342235
3611,765281
15888,244235
13152,503532
6208,412958
13734,586012
9212,749130
6098,58525
12314,172891
8848,118935
8951,965639
13572,975275
15907,113125
12325,405782
14000,226586
9515,950132
4514,88109
11968,343038
12452,746324
2163,700953
14538,135026
11324,22522
10441,455408
1952,500905
11680,79553
16190,518776
7649,960956
5839,575308
4659,983626
2273,578118
1829,320247
3776,493640
6607,567567
10395,640038
10667,357898
10950,973396
6339,600858
12038,447402
16128,990035
9406,290972
13386,978336
13063,610947
7319,775535
11475,98015
4109,176829
466,465481
7169,411813
450,580473
509,833541
14114,690967
10865,488496
3497,758999
9089,358132
13675,889054
6672,710562
5464,918228
16267,612854
6372,98387
4499,724081
16547,560906
11454,529492
16645,491003
9569,640140
3279,560786
12042,245051
2547,68843
16013,392732
12929,941694
12343,686681
10359,766278
12543,953975
14928,480209
11319,779298
14724,981548
2850,468116
10775,535633
8462,260838
4724,448715
6723,238670
14180,449627
5593,582076
9151,410409
8697,335877
10758,929272
4276,484735
13655,63687
13674,798202
10057,848307
10732,481459
160,964065
7451,83368
3512,418465
3925,104242
14897,180369
15963,458300
13805,217881
6894,575861
14327,535770
11838,293186
12255,793306
6587,49862
6923,926736
8885,556688
10486,436277
4722,575580
14740,499983
4754,687701
8674,938591
13252,336603
1905,499317
8585,855108
11503,637794
8979,798742
3879,487162
5165,864832
4200,233940
15206,752956
927,744682
13132,989244
8640,754921
14157,208144
2991,171924
15401,321431
16356,274965
10857,356081
5651,484596
14405,364326
9176,166622
16326,133527
10397,802119
14371,746763
10577,151607
10605,35823
8441,941327
9546,90774
15433,610321
14106,930501
13791,546316
123,506006
6786,608327
4618,792133
6750,470864
2188,654268
4729,629027
11082,557861
947,860069
1066,828166
13916,932190
13134,175647
15755,348627
14683,897115
5590,90534
11704,288187
11544,69862
9457,376419
336,288802
8667,397291
9989,63896
3786,328574
1467,939868
15239,210345
6380,170927
15200,644384
10378,478847
9867,648696
12443,862804
15298,988325
9136,335850
6713,649690
15472,248743
4064,522541
13576,599912
10634,680382
13257,202551
14535,478467
13262,7808
13852,659589
3238,713839
2029,742605
1542,436291
5796,334166
6273,251995
8207,74677
13913,626912
14113,288664
11094,539100
3598,332897
11881,223993
4186,43915
105,301890
12712,595273
10699,554971
1522,580143
6406,237121
2600,21126
12800,679383
14794,130908
832,218430
11005,886814
1329,383025
9621,300883
3543,461113
1234,62950
14715,703066
13218,579961
12522,135957
15168,208963
3344,195236
7989,780146
13592,318536
2349,339766
87,85984
3648,298520
15383,151057
4245,913483
3037,592659
4963,595383
12513,36422
11906,700487
6321,126603
15889,825816
16390,186514
11080,84086
4201,884960
3696,342334
15188,834061
1475,439739
15248,404040
5836,429382
621,567591
15618,775043
11070,48522
5126,707088
3191,29243
4786,714835
6620,102682
9169,184650
15908,775427
5512,15895
16496,743051
4052,576372
1158,978629
5860,59307
907,231107
10880,746087
2406,965491
16135,680676
16655,282128
15009,739875
9075,890891
15211,787308
11972,431179
7343,140329
10693,245558
16611,236597
11189,872412
14873,582047
2863,405598
1616,687472
6932,746668
10136,432162
430,452616
2978,651272
9667,828406
1215,128061
8651,28497
11529,976427
14115,542820
13842,578927
12668,278124
11298,838347
14801,838417
12346,508915
7741,367886
9160,293208
4285,643707
1738,265313
16527,418785
11797,852290
11537,862504
11661,450853
16296,102433
9835,259892
11551,883246
7868,631048
6828,637270
4870,982911
14037,780631
10255,134945
13980,179714
12720,794366
4391,457472
15559,817556
11971,992544
1294,66956
4639,209172
10815,476940
12270,768739
9322,462252
14633,422964
3733,408395
9311,968639
14855,652140
13819,58977
912,923459
13565,298002
5546,716836
14337,657838
5902,572079
3939,63162
12958,530401
6810,505185
6464,641061
15753,637917
8295,345622
4190,937195
13160,716248
11609,200522
6477,723460
7833,466349
8088,571485
7090,39760
4818,548381
3010,846685
2954,623000
16552,504020
563,881277
13208,319992
12886,934498
9235,458513
2397,455391
3059,878052
8245,683186
11636,40148
694,809740
7222,847159
13986,638381
6083,372400
9782,890415
13060,279482
6144,669401
15637,386463
987,381626
10696,914942
5319,520750
16119,783111
8198,155875
14721,533352
4704,335064
8806,581220
14764,139641
14233,813985
14252,819438
9139,268820
9297,990620
8288,423010
4879,421320
6384,669521
7438,722257
116,647516
364,874304
2690,682467
2193,587275
1228,126932
7607,898315
6378,784428
16520,203122
7737,169772
15652,639749
15578,914232
10823,34506
11027,284891
7076,224693
6451,337611
15589,928120
9532,904498
4148,319306
1222,462041
8066,616895
2227,402426
8814,381516
7121,186593
8265,754234
2848,703792
7971,977440
15812,725286
2238,731156
11569,575123
13631,224591
13209,662225
5448,205457
5974,583311
10379,459066
13829,750173
7552,903114
11205,60615
12787,324633
12773,332542
1501,646067
3650,231174
14850,360214
8174,438932
5565,169903
11832,799392
15866,191555
8742,458468
5271,133851
11697,808669
13516,41331
6408,716922
15545,799526
11148,999517
1585,616280
4609,772192
3174,351812
13784,56106
7889,721124
9385,313857
4058,297595
6783,48966
14676,713953
3284,636213
4988,477311
13369,407836
10107,716897
11456,197867
5837,144714
2637,230220
10785,985532
109,818492
5968,504189
976,923315
882,885803
624,791988
11904,760550
15314,86510
6579,587208
9199,840862
12611,111270
2898,780718
8461,602515
15020,507881
5652,180958
14262,185763
10156,134421
4461,622144
16666,453443
15818,967234
4940,140176
9403,36838
13638,660943
6918,211602
16307,380834
4133,274465
12316,203645
1655,112951
9398,713203
4271,528634
7584,329156
16502,549377
7732,297493
14812,308791
5083,982839
4385,108847
4024,892298
5925,48343
5603,70083
9172,883379
9485,73645
337,141900
9767,189163
8228,240386
14346,752484
8946,331959
11285,549926
10588,549146
16737,686797
2262,436785
12102,445779
9851,387723
941,762199
10571,656147
11487,50203
12137,705292
10549,364756
11359,932678
7724,10575
6877,183851
12946,97442
10555,155369
2733,550162
734,356328
4572,291009
9888,980514
5547,42587
9473,652328
10427,953703
12081,292971
10888,105433
4834,971715
7141,853267
3282,514635
10028,341434
13941,184904
3897,281056
3838,224129
15315,104666
4623,566030
1119,401462
6031,610690
8516,1296
9415,225176
10798,642135
13666,98286
11068,758607
1489,965723
9467,603485
1946,78189
6511,447954
306,557204
2837,133695
9949,550672
12571,987521
9991,453782
10974,74804
5102,595442
15565,605266
8320,252988
4205,335233
14341,462061
12738,673106
7959,497020
15526,210050
9391,632238
13904,708023
5423,415521
7852,47195
16525,413929
3823,801723
1858,360185
8638,816277
5777,360430
10277,530270
8002,28798
11877,596794
3964,740344
16783,590737
9896,99622
1733,648681
12470,428575
12569,384363
744,552009
13608,804683
3980,471769
13468,327250
15482,980036
4135,156832
8982,161312
1928,225390
12408,785730
2316,412389
3340,647012
7512,357114
10170,471806
2558,679131
16236,199774
9115,735835
11183,64903
6603,336422
8548,82142
13883,160789
10766,344554
9575,721271
12048,668702
928,518907
3068,797924
7603,987408
12725,387035
14089,757909
13055,510653
16602,887772
2797,517711
7467,444882
651,845385
16374,964352
16544,212164
3098,171296
3015,48476
13224,488384
11299,102425
14583,265069
4033,708600
12076,220579
15017,127856
13881,739685
13000,731932
676,168086
6331,945098
7681,205894
1435,996453
2966,731413
5825,438315
5422,555869
1663,103716
15561,744576
10062,10989
6476,466631
1957,805004
10795,476692
16197,509328
14421,124765
12994,464777
3493,939925
11545,290325
6726,157848
9513,778812
12556,671056
9553,474621
3734,929060
3109,743731
16319,761179
5959,922084
6683,952797
9438,551349
15857,735808
2421,157625
11540,788063
264,141488
16561,658867
12288,459097
9570,383723
5936,864845
11390,817898
6551,285798
3946,362969
7746,613249
2838,29187
2472,918781
3520,101165
1341,861665
3910,857698
5208,954712
12599,866346
2475,102356
10966,410725
5910,471957
11910,502874
16221,424072
10591,352445
3744,882163
6618,303559
8676,105284
11193,458667
12659,692060
14101,311788
14483,323356
8107,955454
10681,538160
10126,960551
4527,22978
16537,950187
15403,370428
11124,825811
7468,363299
3172,172722
15847,365427
8211,600385
9459,536616
5903,504484
7232,493752
3180,821294
7147,294664
10105,410935
7338,565245
2446,995495
6466,606545
5782,642671
6526,209687
14982,828574
14639,211306
16052,143551
12587,810417
13192,921474
9342,854151
6052,568099
7987,18857
12165,553975
15151,826563
16728,260239
12735,120737
939,352714
10983,758541
1385,807914
1892,208029
8352,325415
79,237816
7171,44411
6194,409859
6973,627421
13786,979444
2578,688396
11344,852464
14536,400346
13518,899040
15855,531866
4387,781310
1596,340837
4699,502350
4559,631590
6613,970187
7489,142266
2127,108815
16668,694134
5919,17006
7696,867298
12287,749694
1053,795445
7924,805234
16365,530348
13988,744008
7415,56492
6661,201401
14496,506940
15112,73829
16444,837278
8992,972356
11054,832366
3570,115422
11016,605053
10455,10403
10478,264933
7751,578125
7913,78467
4883,676314
12728,672611
11482,220739
12561,887608
2207,317784
11946,138164
10552,37826
14673,78541
6914,937414
15988,141444
3878,788058
13937,185457
11208,514922
3466,748889
2799,90073
13802,720262
15790,657978
845,853136
13261,642577
9986,994458
4771,423978
11763,12349
13249,69057
15982,33495
5295,43871
2828,859113
12717,944567
14541,768060
12898,857475
15190,73450
13553,605517
11589,459339
13168,8706
14224,321746
11844,131518
14578,50922
6770,234454
1003,856639
6716,783862
6204,351956
10213,101728
2961,601013
14134,610944
9134,227873
9906,982088
12114,469830
12706,580619
192,23862
11022,734732
14712,250965
2659,636883
7602,742001
3009,710642
4533,268562
5620,599624
12312,415214
10896,417057
7532,867751
5696,180216
10743,423066
16708,34552
5430,939202
4362,618120
15599,698358
8197,614165
8502,674920
554,363521
16301,746020
6206,328000
10523,823870
7221,628716
5906,23939
6724,182985
9167,742232
10380,962623
6209,591323
14298,59105
6854,613771
15218,885284
5081,676748
14572,197770
7743,511758
11071,50110
10673,266781
16276,364552
2840,132501
14414,377816
15739,669057
4743,776054
3156,81096
14879,969159
758,885869
14304,608203
1210,940062
1137,796478
6026,132045
841,333725
3993,14958
16554,296545
27,828373
13015,682874
9428,93362
6885,765529
2410,756797
743,904244
9361,477596
14016,68745
5040,522044
14255,571336
291,603043
3937,544464
13374,857117
14948,978863
37,398461
8226,704999
9547,254760
1000,325275
12406,141624
8314,159002
960,483445
31,941702
5905,476752
15833,503336
8146,565342
16718,301265
2231,741788
11286,928798
8275,954438
16706,136226
6594,805079
15521,940751
1131,571152
9595,98758
8354,617664
15777,897315
2330,836316
13382,219792
16721,696982
11393,687740
7009,216210
1474,103934
5816,543590
16032,940042
3422,589687
7231,86904
1565,720910
10574,999560
1107,989942
1458,950280
12716,296886
14039,890932
7099,128669
4498,642584
16394,505170
8760,809548
5016,888173
1097,192941
5433,526570
7847,238409
2903,236645
15929,910209
9066,174802
16152,955176
12383,957980
7591,222576
15435,377527
1556,660282
10644,109825
5333,798995
4266,320241
7946,161712
15594,419927
12127,930911
7697,902648
10020,982488
8999,739394
15708,474231
510,322112
7239,357360
414,598558
9095,439000
6136,195727
12482,2610
1254,723296
12989,741593
2923,804671
13845,620852
11169,929355
3031,641809
12704,773739
3430,500254
4483,436662
1438,378971
7790,436953
10260,522284
8340,749776
11099,154569
4392,960453
1551,83124
6566,403253
12689,300111
16117,218211
2800,702949
7779,76180
4546,868427
16734,632705
2506,704811
12457,605845
14626,516706
9816,547173
5055,805361
13894,416676
2676,115546
13860,980412
3029,705854
5048,383459
12857,81469
15813,871052
9973,886515
6664,64506
2764,218866
10746,518405
1068,832199
6797,241110
384,75568
16012,546353
10891,651968
1110,521299
10284,228802
15508,83810
6000,183528
15275,422561
5312,276754
391,197670
10154,494860
7256,494994
7947,560820
4097,482978
1526,552733
16261,389413
8470,833279
3270,254691
11212,152336
1261,278927
13456,369852
3862,220560
13241,723376
8526,107173
5013,7814
10205,188899
1346,818143
12977,22919
10073,84427
9623,231248
10590,619021
2773,444031
4444,81729
442,746235
8376,832371
13461,986470
13229,534756
8718,712210
12847,974207
12117,793854
14510,381871
9254,127693
16290,284319
3936,774735
12526,924551
7302,907849
3268,550653
13230,873745
12695,801614
14761,620227
15771,699021
12598,295329
15357,218528
9874,922323
7582,417776
16604,199655
2023,239875
13932,677022
13300,234708
14040,983462
12612,277047
14843,18949
5242,490436
1343,280978
14576,78392
6257,839129
25,111000
11043,214752
5047,879534
16080,800312
2161,348480
2444,443266
5459,21799
9033,436669
11539,99619
14256,58334
9219,49565
13840,880563
4848,892644
227,621362
6238,292452
15530,940275
594,932939
14505,108946
11748,955529
13771,595364
5778,386299
9820,877778
14066,318784
8498,226279
6058,814417
13661,475706
7992,582804
10264,969578
6924,941011
9183,168154
13325,693826
10467,519781
998,375124
3700,142255
5094,438797
11643,289031
8496,184906
16487,83558
7810,804509
15418,274620
16355,656140
3194,898577
9278,445494
2707,933267
5688,920935
7883,599171
5250,37270
12794,60577
15958,562258
68,297557
9505,541566
4162,61249
14730,648300
14671,638919
13981,562406
4445,27222
15067,566535
444,967031
1613,239152
8509,272144
877,43510
5170,155428
9846,123416
5915,180439
12459,412738
11318,240139
16009,458996
14466,199392
7896,12513
11280,598765
15529,694533
3859,916418
16193,62874
8796,123574
13010,467068
8672,627284
16756,989453
6929,74748
6288,485801
2842,466315
13446,231315
10235,475704
7654,224857
15967,347121
8048,594518
4253,452727
8004,826560
1397,884975
4799,35791
8558,211105
6060,263078
5608,922178
10515,423665
8931,579711
2396,644177
4022,584650
12471,318178
1711,666155
11430,381674
9829,270521
4425,875464
9803,640467
4651,469164
2189,699716
6368,745161
6568,612779
13827,912008
4375,290963
5622,144027
10559,694526
10985,699792
159,751886
9038,161994
9382,415363
11998,700198
5184,568853
10542,739286
3537,736010
13475,582522
15536,934761
6948,478863
2888,933264
2830,91988
12064,460630
8922,324053
16427,63081
14051,167069
3251,446341
14202,326094
13756,72564
1421,229145
14187,981729
10166,16104
4923,147011
11570,266416
9844,981069
918,168402
8919,599508
8818,954182
2949,943208
2423,493821
15361,369635
13254,139021
9692,878176
7271,28255
2017,61959
4036,159111
11373,241901
13377,484673
9977,543755
7410,981700
11817,284973
2573,593475
6543,601907
8819,814295
312,284561
14517,174795
15090,814392
10789,125363
1910,361573
14652,829042
13121,202459
5125,351030
1959,272382
12034,953982
15595,507423
6153,162303
4053,774596
10877,938309
4529,527554
10158,884341
9236,113726
5299,917903
13059,151641
11152,245991
11914,790657
2442,504084
7044,146034
5893,43634
5035,737449
979,619218
3409,616287
6675,146160
11650,756923
5611,665924
5956,373296
16435,225145
14599,246266
4215,452990
8873,204532
14918,40484
10011,349574
11446,468717
1535,786659
14241,246939
9543,778305
10979,197528
14215,511697
12365,496662
6681,387639
2924,54608
6445,838527
12032,893664
10702,104836
2974,536419
3877,900664
15147,626796
15984,309924
2324,20507
7499,193125
3801,405757
4284,556404
9329,8712
3120,570566
2531,868370
13762,853916
3691,284473
8058,714462
4897,334893
14925,484975
4330,482171
5453,14805
6559,842541
425,79220
14024,91470
10413,67146
15294,458847
2821,142990
11509,628724
9074,281282
16091,18872
3642,71396
16124,361517
16449,77140
8684,598451
2392,996789
12234,653033
14199,719312
834,922329
1484,925796
15653,949890
11663,174732
15397,713309
11385,989848
10151,616056
13263,906665
4505,302058
1851,978753
15471,85538
6560,928728
4007,711764
10251,722800
265,213176
14770,603578
1353,898575
16335,109300
10859,702790
641,998696
11985,325474
8076,109193
14160,679267
12506,635041
8809,424397
6957,794028
4478,821668
4749,974495
12322,376125
13910,316079
8252,817212
2431,679755
12670,471321
7537,456629
4637,102697
2538,763786
15290,876071
16072,394622
16740,445972
6078,805457
16723,354212
3847,870996
5999,844724
7678,203601
4862,507602
12468,467477
13409,790567
12380,330974
8962,448146
11004,831833
792,109573
5687,590860
3906,385559
13554,567617
5863,265077
13459,829708
12378,504908
9935,541699
5674,266575
4535,153866
12310,30893
7048,815419
1143,173028
16085,222345
5358,199326
7100,296077
10384,851432
5006,204631
7371,278879
4720,676928
7577,713363
15196,44383
8467,54137
5251,672183
9220,559425
2151,234232
8081,503785
15824,494838
10545,609659
13403,740610
1559,703868
16795,752684
6293,842510
16024,215997
12167,454799
3078,290470
6736,882795
12124,753433
6489,139459
2778,128039
13074,396363
4075,40710
15195,493667
3160,286813
1272,65125
14776,826208
8497,634600
4,129370
15732,894521
9111,911975
10748,928230
8944,572494
1906,180362
11283,849932
14269,402685
16232,4724
1839,155044
7894,189095
5703,24634
1347,285246
4849,444064
5618,393104
9672,95162
2638,125777
1962,77292
11717,951638
13358,309159
8258,528809
8822,318123
2927,120157
14741,326594
8216,410150
12317,871665
13133,5787
1286,630316
13116,169790
9198,67224
13679,398808
13877,446676
5946,685123
7428,128079
1073,135008
13970,198505
8466,733023
13135,227903
1778,380137
195,652093
8973,409117
10674,246648
12350,862793
10295,432584
7251,767005
9245,961083
9126,111725
7740,266823
8956,246862
13686,938749
2864,588430
7110,354309
11331,73897
16637,881435
4580,540886
8909,696854
11932,229837
5243,76175
13419,287245
3459,529208
7053,492505
14691,93117
12535,315603
560,60415
7514,709789
5305,853012
11231,22895
8803,541867
9791,256253
130,113375
5874,148024
1440,374999
6474,339026
12168,519093
13187,780529
9831,502296
15943,624378
15846,295743
1402,429397
4968,167459
5131,727932
15580,288513
10869,456138
4679,930456
13908,371558
13489,342798
16352,422693
5691,605811
8780,307941
11933,557669
4136,727875
12873,400170
13330,408363
797,597763
6450,347631
10056,149874
1050,153508
1202,159721
6680,19406
174,325605
6337,666720
6704,469579
266,685081
9195,891011
14668,613978
9315,588336
469,787507
8852,552555
10907,593524
5287,433833
4548,23435
9637,733827
11010,527520
9564,350135
2681,920306
6776,748556
8311,193417
6580,23780
14417,353156
3892,728961
4929,949384
7340,93041
13225,638219
5581,282194
8015,939857
13567,530828
10596,631781
11291,742803
10901,9396
9349,385497
4030,773736
8357,542940
829,597176
5529,979741
4134,489739
4867,425419
903,252133
3701,529148
12916,930964
9031,478574
1965,406335
13851,157801
9314,543362
7386,144649
4088,549199
14907,562861
5991,932485
10265,23190
15260,714199
8053,979173
9577,958477
15509,334540
12153,423376
3218,494932
4740,727965
682,915928
12176,240565
12385,262331
2523,414101
5801,475559
12751,595416
15121,896856
517,620773
4822,740254
1129,45479
12396,448227
11329,188355
11856,180918
3653,973469
13404,26303
14486,816733
3502,68581
7717,531120
8808,962853
11676,879453
7033,976877
1681,85809
6658,763635
959,166990
4871,908145
6946,400213
13763,880516
15320,971676
3065,862887
14742,672818
13959,51658
2427,958425
1716,131487
6258,433988
16677,850350
206,316517
13659,909809
7782,953867
3308,519924
9073,649666
6342,633143
868,428018
10153,456707
16788,10676
14886,88322
4674,352815
13599,958539
6851,22508
6443,423402
9903,822427
8321,296857
10686,889996
11106,456586
11845,959640
2439,322450
5461,218847
14559,950894
10215,495199
13566,281175
16563,851103
10492,498484
13847,766288
3607,917292
2844,658605
3499,594167
7478,325675
4728,119568
10883,299321
13602,345562
3751,117821
10299,148296
13023,720093
14498,255190
13601,171462
5787,963491
7853,760891
2429,871518
2359,721094
13926,38676
4278,899518
14307,624524
15677,627327
9,225958
12630,264771
16428,885878
13285,636346
7902,594745
866,160966
6077,809020
4015,76441
16350,275737
14793,850187
1409,1504
5199,923205
12036,373098
9654,269391
13106,769111
11780,319821
355,524981
6247,413928
1045,62979
4019,323473
2048,446273
14586,556659
6720,220718
5509,463843
8463,125542
3202,682907
6910,804627
5701,758077
1,306400
6853,502520
5386,543657
9251,652136
8580,949105
3644,722951
3258,186129
329,245688
5038,352030
2526,109022
2082,4439
11081,508152
3927,330554
12305,251268
10975,475398
2590,268795
9337,174991
9368,925935
16111,328529
986,812222
426,677716
10040,200851
16463,64363
3704,50549
15406,13271
10035,60267
16251,53854
9520,776288
503,716723
8260,6778
14309,49273
16054,721424
3885,720768
5924,35957
12843,523976
14300,940853
12608,561183
11437,52928
9535,46947
1528,113191
11518,224319
6401,227552
9129,607082
13069,49305
16607,573659
1473,911820
6085,595538
4067,588267
9178,16877
5090,463633
15046,1011
13621,273386
16065,677213
1944,290730
1060,852727
1764,183183
1705,829142
9961,795765
18,859898
10371,110694
13185,222776
13139,316723
3161,690785
11931,624370
8759,941786
12969,163604
14329,859299
3637,95602
1165,337028
9976,291384
16490,428573
2074,214815
15364,599821
11394,811223
10222,280968
5948,49609
7494,588435
6285,217865
15220,296275
3237,235802
3528,293915
6289,830494
15784,307704
15321,992731
4562,468925
6402,634108
12688,416369
3536,343542
8426,560571
12434,685764
5645,297588
15080,150132
4677,633362
9818,488103
13496,860458
15682,576735
6284,24251
14342,209534
8109,81054
14818,165471
5724,561571
7471,72264
14905,20515
9719,955296
10637,368225
12838,633194
15949,14022
2334,67556
3416,262723
12303,378327
528,879951
980,322418
1298,726193
13728,351886
10842,440685
14596,153468
1899,692200
16380,892284
7855,957202
8147,97695
11469,155522
5779,217399
3389,362116
7885,237281
5254,394363
6383,71948
3498,159111
16166,261402
2413,490268
14653,132342
9345,123558
13711,391846
822,362359
12640,704570
11954,288569
7914,915524
7394,440608
7354,835836
13058,166233
4836,359431
362,187320
9365,196349
211,492980
8543,901474
188,474804
14196,111495
7114,109416
13431,869046
12869,479900
16681,984078
16528,702701
390,3474
11752,949683
4408,300114
3315,561494
16071,318882
16535,566055
12463,446976
12790,851089
11787,446738
14577,328213
4431,599165
10286,416049
1676,204768
13993,596683
4761,384376
14670,320608
4795,22899
15411,595530
2909,33972
8236,28903
14017,671345
13974,797767
6513,906093
7695,877746
5286,630626
4902,886056
1124,554442
10436,457475
14749,190436
2609,828884
14548,154818
1566,664878
3649,268763
16101,821924
13095,902398
2779,14927
14203,231376
11019,695596
7653,124414
12835,149635
9683,155477
6955,205873
11504,421714
12110,800141
237,805003
2612,105467
8855,24927
8729,353121
11580,757266
13807,69400
5375,690688
16767,789259
14540,816539
255,19161
3586,320903
5671,299276
10311,425754
13280,524905
1788,346354
12128,157052
3576,138967
1285,889783
13502,302948
6518,85951
1729,748283
5398,906411
12539,244836
1476,974356
5057,838829
5133,255727
2196,695969
4041,487699
5252,182276
12879,530611
13210,781119
7390,724786
15942,610390
7054,102790
14632,920091
10208,647341
14120,72426
13607,851032
9647,297013
12134,961043
8593,710639
16231,944621
12474,823777
11640,682830
1685,591134
4474,402716
15313,200780
1736,196111
16471,344910
12517,448286
15437,134234
3381,715608
16555,948425
15738,732808
2896,321448
11356,902166
9734,298909
1890,949153
15344,232000
13575,883557
14595,451364
10567,892677
12889,637700
1213,390288
8841,158523
473,469463
14853,579716
15271,316709
14191,59577
12703,903291
2649,638910
14916,576503
8975,248653
12108,493149
6070,194068
15765,790530
3713,327949
1618,768796
13874,447749
4407,115735
8550,915862
15759,50220
7808,63453
1127,117783
13108,622055
4426,194763
6175,656879
7903,343426
2076,576422
9924,328959
2322,617778
13844,461957
13871,758536
5908,839593
429,541139
3443,171130
170,855207
9879,485520
15324,798260
15616,561829
14217,438030
5262,9784
13426,485312
13286,418723
10464,235969
10881,166444
12776,137642
10664,496225
15237,200031
15999,892519
4816,473408
13856,915768
2701,814519
635,718910
4016,488485
64,786786
4881,286246
7017,63048
7184,762197
487,316021
15897,712515
11444,152967
3260,254425
3127,704321
7899,166308
5705,421262
12960,176259
4046,732341
2190,669786
15787,701750
1926,967385
3944,815682
14709,872814
13046,256984
9845,462522
7432,226777
11524,909422
6393,4622
11323,816679
10352,678931
6811,42303
2606,997865
11660,423355
8305,196304
7357,88968
14796,699218
15587,812238
2461,969643
5605,234721
6554,470861
7662,984189
11798,614328
12078,675664
1758,562230
7661,338215
3335,780255
2854,436758
16659,176285
5241,245641
16469,538626
16098,908716
15049,933543
5152,295451
2166,499602
16465,552604
1768,576802
8744,236427
10594,658007
1339,696147
6998,284921
723,169154
11357,679005
4413,209547
5026,592077
4412,874889
537,232093
10270,29512
9571,457551
9969,405148
7822,47161
6621,141520
208,652955
5195,3736
7032,251683
8263,427584
14719,242844
15622,53266
4259,10374
3085,401966
172,277345
7130,772662
8767,546580
3087,580413
4089,446228
11477,949870
2246,684153
1793,877849
1630,96458
1189,518330
6050,613556
8752,889417
8963,527415
9671,172790
4820,950246
4475,703865
6396,273510
8932,575005
162,308137
10847,48641
5692,683380
7316,53106
5485,102833
9780,878776
7307,661701
9739,411391
7426,288426
835,252170
11744,979729
11907,670838
5684,771919
10335,504158
4466,302796
11593,437241
244,647101
15205,60422
6071,373189
9455,417319
15862,364612
8165,799887
5002,823002
5922,5296
16616,986975
7615,15245
7911,257671
7748,738491
11265,659282
15820,534734
6648,167152
7117,190069
10262,87133
2853,593054
4606,573583
12747,488359
3953,84426
3552,643014
2675,434569
4611,446023
2025,694992
5424,707775
8546,955996
8875,751121
2807,422448
8578,270327
786,465331
3945,302088
16733,595159
16191,920992
12669,206001
10493,581731
6671,499234
9330,165208
1622,686019
8713,587167
8696,213334
9187,489388
14551,805389
2646,490793
9563,760624
4031,573437
5155,838934
12116,472914
3834,89086
7785,92452
307,165926
13663,454902
16357,323146
10646,469049
5615,110719
4604,75778
9308,205565
16789,387826
15721,636340
4994,248470
5454,567924
4034,275397
1420,289663
6453,958879
8167,494354
11657,515628
14356,877196
2024,684778
7701,194211
6291,640682
789,632406
16315,235287
3677,28581
13309,941519
2088,187435
3707,74230
5240,78030
13197,497451
3147,2891
76,458683
14287,987052
7940,662081
2515,667751
4891,679400
7623,380682
10671,545686
13030,901892
14686,693453
13272,141043
14954,71072
16264,692357
14461,434897
13107,329703
8740,425027
2824,530044
1645,464806
15613,984571
4803,932377
971,954
13952,156059
3320,210107
15110,85178
2440,733196
10462,666156
6011,616163
9405,104320
511,934694
4141,458237
11651,298433
343,688993
14750,522100
3711,777735
6322,720158
6533,890713
6089,251663
286,182647
7639,769817
16722,146950
9157,366668
7137,267309
6669,714185
3326,945978
5820,817439
11604,198432
16087,478003
5327,769887
13639,986632
349,267889
15181,896058
4821,619423
1740,196016
3450,101414
16064,827516
1804,692364
5296,181610
5346,76693
4723,290045
417,200674
15756,61668
14090,372755
14778,885906
2560,478112
12920,291825
8249,107842
7125,446306
11732,150291
13365,594198
5361,379343
15937,622748
2591,174944
15706,149952
2105,737798
7220,376440
14562,17318
6836,355127
8180,312329
4695,483369
5783,343181
4780,104761
12504,591976
